GPU,release_mode,seatbelts_on,model,steps,agent_count,env_width,comm_radius,sort_period,mean_agent_density,mean_mean_message_count,mean_s_rtc,mean_s_simulation,mean_s_init,mean_s_exit,mean_s_step_mean,env_volume,comm_radius_as_percentage_env_width
NVIDIA A100-SXM4-40GB,1,0, circles_spatial3D,200,1000000,50.000000,1.000000,0,8.000000,200.112610,0.000000,1.754816,0.000000,0.000000,0.008745,125000.000000,2.000000
NVIDIA A100-SXM4-40GB,1,0, circles_spatial3D,200,1000000,50.000000,1.000000,1,8.000000,200.112594,0.000000,0.716447,0.000000,0.000000,0.003550,125000.000000,2.000000
NVIDIA A100-SXM4-40GB,1,0, circles_spatial3D,200,1000000,50.000000,1.000000,2,8.000000,200.112625,0.000000,0.692440,0.000000,0.000000,0.003438,125000.000000,2.000000
NVIDIA A100-SXM4-40GB,1,0, circles_spatial3D,200,1000000,50.000000,1.000000,5,8.000000,200.112620,0.000000,0.680811,0.000000,0.000000,0.003376,125000.000000,2.000000
NVIDIA A100-SXM4-40GB,1,0, circles_spatial3D,200,1000000,50.000000,1.000000,10,8.000000,200.112625,0.000000,0.683846,0.000000,0.000000,0.003391,125000.000000,2.000000
NVIDIA A100-SXM4-40GB,1,0, circles_spatial3D,200,1000000,50.000000,1.000000,20,8.000000,200.112600,0.000000,0.690098,0.000000,0.000000,0.003408,125000.000000,2.000000
NVIDIA A100-SXM4-40GB,1,0, circles_spatial3D,200,1000000,50.000000,1.000000,50,8.000000,200.112605,0.000000,0.702908,0.000000,0.000000,0.003490,125000.000000,2.000000
NVIDIA A100-SXM4-40GB,1,0, circles_spatial3D,200,1000000,50.000000,1.000000,100,8.000000,200.112599,0.000000,0.729504,0.000000,0.000000,0.003621,125000.000000,2.000000
NVIDIA A100-SXM4-40GB,1,0, circles_spatial3D,200,1000000,50.000000,1.000000,200,8.000000,200.112630,0.000000,0.759456,0.000000,0.000000,0.003773,125000.000000,2.000000
NVIDIA A100-SXM4-40GB,1,0, circles_spatial3D,200,1000000,50.000000,2.000000,0,8.000000,1590.051310,0.000000,12.350647,0.000000,0.000000,0.061715,125000.000000,4.000000
NVIDIA A100-SXM4-40GB,1,0, circles_spatial3D,200,1000000,50.000000,2.000000,1,8.000000,1590.051310,0.000000,3.681516,0.000000,0.000000,0.018380,125000.000000,4.000000
NVIDIA A100-SXM4-40GB,1,0, circles_spatial3D,200,1000000,50.000000,2.000000,2,8.000000,1590.051229,0.000000,3.678303,0.000000,0.000000,0.018367,125000.000000,4.000000
NVIDIA A100-SXM4-40GB,1,0, circles_spatial3D,200,1000000,50.000000,2.000000,5,8.000000,1590.051229,0.000000,3.676948,0.000000,0.000000,0.018360,125000.000000,4.000000
NVIDIA A100-SXM4-40GB,1,0, circles_spatial3D,200,1000000,50.000000,2.000000,10,8.000000,1590.051270,0.000000,3.698140,0.000000,0.000000,0.018462,125000.000000,4.000000
NVIDIA A100-SXM4-40GB,1,0, circles_spatial3D,200,1000000,50.000000,2.000000,20,8.000000,1590.051269,0.000000,3.721366,0.000000,0.000000,0.018583,125000.000000,4.000000
NVIDIA A100-SXM4-40GB,1,0, circles_spatial3D,200,1000000,50.000000,2.000000,50,8.000000,1590.051188,0.000000,3.777593,0.000000,0.000000,0.018863,125000.000000,4.000000
NVIDIA A100-SXM4-40GB,1,0, circles_spatial3D,200,1000000,50.000000,2.000000,100,8.000000,1590.051269,0.000000,3.815122,0.000000,0.000000,0.019051,125000.000000,4.000000
NVIDIA A100-SXM4-40GB,1,0, circles_spatial3D,200,1000000,50.000000,2.000000,200,8.000000,1590.051229,0.000000,3.884443,0.000000,0.000000,0.019392,125000.000000,4.000000
NVIDIA A100-SXM4-40GB,1,0, circles_spatial3D,200,1000000,50.000000,4.000000,0,8.000000,10464.261719,0.000000,75.058095,0.000000,0.000000,0.375265,125000.000000,8.000000
NVIDIA A100-SXM4-40GB,1,0, circles_spatial3D,200,1000000,50.000000,4.000000,1,8.000000,10464.261393,0.000000,22.821855,0.000000,0.000000,0.114084,125000.000000,8.000000
NVIDIA A100-SXM4-40GB,1,0, circles_spatial3D,200,1000000,50.000000,4.000000,2,8.000000,10464.261719,0.000000,22.896393,0.000000,0.000000,0.114457,125000.000000,8.000000
NVIDIA A100-SXM4-40GB,1,0, circles_spatial3D,200,1000000,50.000000,4.000000,5,8.000000,10464.261393,0.000000,22.988067,0.000000,0.000000,0.114909,125000.000000,8.000000
NVIDIA A100-SXM4-40GB,1,0, circles_spatial3D,200,1000000,50.000000,4.000000,10,8.000000,10464.262044,0.000000,23.051104,0.000000,0.000000,0.115229,125000.000000,8.000000
NVIDIA A100-SXM4-40GB,1,0, circles_spatial3D,200,1000000,50.000000,4.000000,20,8.000000,10464.261719,0.000000,23.161550,0.000000,0.000000,0.115777,125000.000000,8.000000
NVIDIA A100-SXM4-40GB,1,0, circles_spatial3D,200,1000000,50.000000,4.000000,50,8.000000,10464.262044,0.000000,23.325309,0.000000,0.000000,0.116594,125000.000000,8.000000
NVIDIA A100-SXM4-40GB,1,0, circles_spatial3D,200,1000000,50.000000,4.000000,100,8.000000,10464.261719,0.000000,23.496779,0.000000,0.000000,0.117459,125000.000000,8.000000
NVIDIA A100-SXM4-40GB,1,0, circles_spatial3D,200,1000000,50.000000,4.000000,200,8.000000,10464.262044,0.000000,23.638962,0.000000,0.000000,0.118170,125000.000000,8.000000
NVIDIA A100-SXM4-40GB,1,0, circles_spatial3D,200,1000000,50.000000,6.000000,0,8.000000,29335.210938,0.000000,200.066467,0.000000,0.000000,1.000301,125000.000000,12.000000
NVIDIA A100-SXM4-40GB,1,0, circles_spatial3D,200,1000000,50.000000,6.000000,1,8.000000,29335.209636,0.000000,65.328252,0.000000,0.000000,0.326605,125000.000000,12.000000
NVIDIA A100-SXM4-40GB,1,0, circles_spatial3D,200,1000000,50.000000,6.000000,2,8.000000,29335.212891,0.000000,65.353599,0.000000,0.000000,0.326742,125000.000000,12.000000
NVIDIA A100-SXM4-40GB,1,0, circles_spatial3D,200,1000000,50.000000,6.000000,5,8.000000,29335.211589,0.000000,65.424401,0.000000,0.000000,0.327096,125000.000000,12.000000
NVIDIA A100-SXM4-40GB,1,0, circles_spatial3D,200,1000000,50.000000,6.000000,10,8.000000,29335.211589,0.000000,65.540461,0.000000,0.000000,0.327677,125000.000000,12.000000
NVIDIA A100-SXM4-40GB,1,0, circles_spatial3D,200,1000000,50.000000,6.000000,20,8.000000,29335.211589,0.000000,65.678340,0.000000,0.000000,0.328361,125000.000000,12.000000
NVIDIA A100-SXM4-40GB,1,0, circles_spatial3D,200,1000000,50.000000,6.000000,50,8.000000,29335.211589,0.000000,65.965363,0.000000,0.000000,0.329796,125000.000000,12.000000
NVIDIA A100-SXM4-40GB,1,0, circles_spatial3D,200,1000000,50.000000,6.000000,100,8.000000,29335.212240,0.000000,66.081863,0.000000,0.000000,0.330380,125000.000000,12.000000
NVIDIA A100-SXM4-40GB,1,0, circles_spatial3D,200,1000000,50.000000,6.000000,200,8.000000,29335.210287,0.000000,66.386052,0.000000,0.000000,0.331886,125000.000000,12.000000
NVIDIA A100-SXM4-40GB,1,0, circles_spatial3D,200,1000000,50.000000,8.000000,0,8.000000,58263.877604,0.000000,370.750468,0.000000,0.000000,1.853716,125000.000000,16.000000
NVIDIA A100-SXM4-40GB,1,0, circles_spatial3D,200,1000000,50.000000,8.000000,1,8.000000,58263.876302,0.000000,135.467834,0.000000,0.000000,0.677312,125000.000000,16.000000
NVIDIA A100-SXM4-40GB,1,0, circles_spatial3D,200,1000000,50.000000,8.000000,2,8.000000,58263.884115,0.000000,135.689178,0.000000,0.000000,0.678411,125000.000000,16.000000
NVIDIA A100-SXM4-40GB,1,0, circles_spatial3D,200,1000000,50.000000,8.000000,5,8.000000,58263.876302,0.000000,135.859543,0.000000,0.000000,0.679272,125000.000000,16.000000
NVIDIA A100-SXM4-40GB,1,0, circles_spatial3D,200,1000000,50.000000,8.000000,10,8.000000,58263.878906,0.000000,136.159347,0.000000,0.000000,0.680754,125000.000000,16.000000
NVIDIA A100-SXM4-40GB,1,0, circles_spatial3D,200,1000000,50.000000,8.000000,20,8.000000,58263.881510,0.000000,136.548142,0.000000,0.000000,0.682713,125000.000000,16.000000
NVIDIA A100-SXM4-40GB,1,0, circles_spatial3D,200,1000000,50.000000,8.000000,50,8.000000,58263.882813,0.000000,137.050756,0.000000,0.000000,0.685221,125000.000000,16.000000
NVIDIA A100-SXM4-40GB,1,0, circles_spatial3D,200,1000000,50.000000,8.000000,100,8.000000,58263.878906,0.000000,137.674617,0.000000,0.000000,0.688344,125000.000000,16.000000
NVIDIA A100-SXM4-40GB,1,0, circles_spatial3D,200,1000000,50.000000,8.000000,200,8.000000,58263.880208,0.000000,138.169159,0.000000,0.000000,0.690816,125000.000000,16.000000
NVIDIA A100-SXM4-40GB,1,0, circles_spatial3D_rtc,200,1000000,50.000000,1.000000,0,8.000000,200.112600,1.060000,1.676880,0.000000,0.000000,0.008351,125000.000000,2.000000
NVIDIA A100-SXM4-40GB,1,0, circles_spatial3D_rtc,200,1000000,50.000000,1.000000,1,8.000000,200.112605,0.027667,0.562520,0.000000,0.000000,0.002788,125000.000000,2.000000
NVIDIA A100-SXM4-40GB,1,0, circles_spatial3D_rtc,200,1000000,50.000000,1.000000,2,8.000000,200.112615,0.010333,0.541742,0.000000,0.000000,0.002671,125000.000000,2.000000
NVIDIA A100-SXM4-40GB,1,0, circles_spatial3D_rtc,200,1000000,50.000000,1.000000,5,8.000000,200.112600,0.013667,0.571728,0.000000,0.000000,0.002818,125000.000000,2.000000
NVIDIA A100-SXM4-40GB,1,0, circles_spatial3D_rtc,200,1000000,50.000000,1.000000,10,8.000000,200.112630,0.009333,0.528914,0.000000,0.000000,0.002620,125000.000000,2.000000
NVIDIA A100-SXM4-40GB,1,0, circles_spatial3D_rtc,200,1000000,50.000000,1.000000,20,8.000000,200.112615,0.009667,0.544172,0.000000,0.000000,0.002693,125000.000000,2.000000
NVIDIA A100-SXM4-40GB,1,0, circles_spatial3D_rtc,200,1000000,50.000000,1.000000,50,8.000000,200.112635,0.009667,0.539604,0.000000,0.000000,0.002674,125000.000000,2.000000
NVIDIA A100-SXM4-40GB,1,0, circles_spatial3D_rtc,200,1000000,50.000000,1.000000,100,8.000000,200.112605,0.009667,0.585526,0.000000,0.000000,0.002893,125000.000000,2.000000
NVIDIA A100-SXM4-40GB,1,0, circles_spatial3D_rtc,200,1000000,50.000000,1.000000,200,8.000000,200.112594,0.009333,0.594218,0.000000,0.000000,0.002947,125000.000000,2.000000
NVIDIA A100-SXM4-40GB,1,0, circles_spatial3D_rtc,200,1000000,50.000000,2.000000,0,8.000000,1590.051310,0.010000,12.080462,0.000000,0.000000,0.060371,125000.000000,4.000000
NVIDIA A100-SXM4-40GB,1,0, circles_spatial3D_rtc,200,1000000,50.000000,2.000000,1,8.000000,1590.051229,0.009000,2.738606,0.000000,0.000000,0.013667,125000.000000,4.000000
NVIDIA A100-SXM4-40GB,1,0, circles_spatial3D_rtc,200,1000000,50.000000,2.000000,2,8.000000,1590.051229,0.009667,2.734497,0.000000,0.000000,0.013645,125000.000000,4.000000
NVIDIA A100-SXM4-40GB,1,0, circles_spatial3D_rtc,200,1000000,50.000000,2.000000,5,8.000000,1590.051188,0.012000,2.724295,0.000000,0.000000,0.013597,125000.000000,4.000000
NVIDIA A100-SXM4-40GB,1,0, circles_spatial3D_rtc,200,1000000,50.000000,2.000000,10,8.000000,1590.051147,0.010333,2.749452,0.000000,0.000000,0.013720,125000.000000,4.000000
NVIDIA A100-SXM4-40GB,1,0, circles_spatial3D_rtc,200,1000000,50.000000,2.000000,20,8.000000,1590.051269,0.010000,2.754409,0.000000,0.000000,0.013748,125000.000000,4.000000
NVIDIA A100-SXM4-40GB,1,0, circles_spatial3D_rtc,200,1000000,50.000000,2.000000,50,8.000000,1590.051188,0.009000,2.793518,0.000000,0.000000,0.013941,125000.000000,4.000000
NVIDIA A100-SXM4-40GB,1,0, circles_spatial3D_rtc,200,1000000,50.000000,2.000000,100,8.000000,1590.051147,0.009000,2.896175,0.000000,0.000000,0.014447,125000.000000,4.000000
NVIDIA A100-SXM4-40GB,1,0, circles_spatial3D_rtc,200,1000000,50.000000,2.000000,200,8.000000,1590.051229,0.009333,2.879182,0.000000,0.000000,0.014360,125000.000000,4.000000
NVIDIA A100-SXM4-40GB,1,0, circles_spatial3D_rtc,200,1000000,50.000000,4.000000,0,8.000000,10464.262044,0.010000,76.335709,0.000000,0.000000,0.381653,125000.000000,8.000000
NVIDIA A100-SXM4-40GB,1,0, circles_spatial3D_rtc,200,1000000,50.000000,4.000000,1,8.000000,10464.262044,0.011667,16.896077,0.000000,0.000000,0.084451,125000.000000,8.000000
NVIDIA A100-SXM4-40GB,1,0, circles_spatial3D_rtc,200,1000000,50.000000,4.000000,2,8.000000,10464.261393,0.010000,16.926571,0.000000,0.000000,0.084602,125000.000000,8.000000
NVIDIA A100-SXM4-40GB,1,0, circles_spatial3D_rtc,200,1000000,50.000000,4.000000,5,8.000000,10464.262044,0.024667,17.052686,0.000000,0.000000,0.085211,125000.000000,8.000000
NVIDIA A100-SXM4-40GB,1,0, circles_spatial3D_rtc,200,1000000,50.000000,4.000000,10,8.000000,10464.262044,0.010000,16.989541,0.000000,0.000000,0.084915,125000.000000,8.000000
NVIDIA A100-SXM4-40GB,1,0, circles_spatial3D_rtc,200,1000000,50.000000,4.000000,20,8.000000,10464.262044,0.010000,17.042733,0.000000,0.000000,0.085189,125000.000000,8.000000
NVIDIA A100-SXM4-40GB,1,0, circles_spatial3D_rtc,200,1000000,50.000000,4.000000,50,8.000000,10464.261719,0.009667,17.163636,0.000000,0.000000,0.085789,125000.000000,8.000000
NVIDIA A100-SXM4-40GB,1,0, circles_spatial3D_rtc,200,1000000,50.000000,4.000000,100,8.000000,10464.262044,0.011000,17.224273,0.000000,0.000000,0.086097,125000.000000,8.000000
NVIDIA A100-SXM4-40GB,1,0, circles_spatial3D_rtc,200,1000000,50.000000,4.000000,200,8.000000,10464.262370,0.010333,17.319364,0.000000,0.000000,0.086572,125000.000000,8.000000
NVIDIA A100-SXM4-40GB,1,0, circles_spatial3D_rtc,200,1000000,50.000000,6.000000,0,8.000000,29335.208984,0.011667,190.950872,0.000000,0.000000,0.954727,125000.000000,12.000000
NVIDIA A100-SXM4-40GB,1,0, circles_spatial3D_rtc,200,1000000,50.000000,6.000000,1,8.000000,29335.210287,0.027667,48.017630,0.000000,0.000000,0.240062,125000.000000,12.000000
NVIDIA A100-SXM4-40GB,1,0, circles_spatial3D_rtc,200,1000000,50.000000,6.000000,2,8.000000,29335.210287,0.010333,48.067744,0.000000,0.000000,0.240307,125000.000000,12.000000
NVIDIA A100-SXM4-40GB,1,0, circles_spatial3D_rtc,200,1000000,50.000000,6.000000,5,8.000000,29335.210287,0.025333,48.068806,0.000000,0.000000,0.240318,125000.000000,12.000000
NVIDIA A100-SXM4-40GB,1,0, circles_spatial3D_rtc,200,1000000,50.000000,6.000000,10,8.000000,29335.207682,0.010333,48.096335,0.000000,0.000000,0.240456,125000.000000,12.000000
NVIDIA A100-SXM4-40GB,1,0, circles_spatial3D_rtc,200,1000000,50.000000,6.000000,20,8.000000,29335.207682,0.011000,48.176590,0.000000,0.000000,0.240858,125000.000000,12.000000
NVIDIA A100-SXM4-40GB,1,0, circles_spatial3D_rtc,200,1000000,50.000000,6.000000,50,8.000000,29335.211589,0.010000,48.309882,0.000000,0.000000,0.241521,125000.000000,12.000000
NVIDIA A100-SXM4-40GB,1,0, circles_spatial3D_rtc,200,1000000,50.000000,6.000000,100,8.000000,29335.212240,0.010000,48.313483,0.000000,0.000000,0.241542,125000.000000,12.000000
NVIDIA A100-SXM4-40GB,1,0, circles_spatial3D_rtc,200,1000000,50.000000,6.000000,200,8.000000,29335.210287,0.010000,48.460480,0.000000,0.000000,0.242273,125000.000000,12.000000
NVIDIA A100-SXM4-40GB,1,0, circles_spatial3D_rtc,200,1000000,50.000000,8.000000,0,8.000000,58263.877604,0.045667,323.380757,0.000000,0.000000,1.616872,125000.000000,16.000000
NVIDIA A100-SXM4-40GB,1,0, circles_spatial3D_rtc,200,1000000,50.000000,8.000000,1,8.000000,58263.881510,0.028000,100.341655,0.000000,0.000000,0.501682,125000.000000,16.000000
NVIDIA A100-SXM4-40GB,1,0, circles_spatial3D_rtc,200,1000000,50.000000,8.000000,2,8.000000,58263.884115,0.040667,100.225955,0.000000,0.000000,0.501103,125000.000000,16.000000
NVIDIA A100-SXM4-40GB,1,0, circles_spatial3D_rtc,200,1000000,50.000000,8.000000,5,8.000000,58263.880208,0.026667,100.263392,0.000000,0.000000,0.501291,125000.000000,16.000000
NVIDIA A100-SXM4-40GB,1,0, circles_spatial3D_rtc,200,1000000,50.000000,8.000000,10,8.000000,58263.882813,0.010333,100.339572,0.000000,0.000000,0.501672,125000.000000,16.000000
NVIDIA A100-SXM4-40GB,1,0, circles_spatial3D_rtc,200,1000000,50.000000,8.000000,20,8.000000,58263.880208,0.056333,100.512804,0.000000,0.000000,0.502533,125000.000000,16.000000
NVIDIA A100-SXM4-40GB,1,0, circles_spatial3D_rtc,200,1000000,50.000000,8.000000,50,8.000000,58263.880208,0.027000,100.522171,0.000000,0.000000,0.502579,125000.000000,16.000000
NVIDIA A100-SXM4-40GB,1,0, circles_spatial3D_rtc,200,1000000,50.000000,8.000000,100,8.000000,58263.882812,0.033667,100.653165,0.000000,0.000000,0.503233,125000.000000,16.000000
NVIDIA A100-SXM4-40GB,1,0, circles_spatial3D_rtc,200,1000000,50.000000,8.000000,200,8.000000,58263.880208,0.034000,100.884916,0.000000,0.000000,0.504388,125000.000000,16.000000
NVIDIA A100-SXM4-40GB,1,0, cupy-rect_by_cell_stripe_sorted_idx,200,1000000,100.000000,1.000000,0,1.000000,0.000000,0.000000,0.624657,0.009540,0.000000,0.003123,1000000.000000,1.000000
NVIDIA A100-SXM4-40GB,1,0, cupy-rect_by_cell_stripe_sorted_idx,200,1000000,100.000000,1.000000,1,1.000000,0.000000,0.000000,0.288665,0.002728,0.000000,0.001443,1000000.000000,1.000000
NVIDIA A100-SXM4-40GB,1,0, cupy-rect_by_cell_stripe_sorted_idx,200,1000000,100.000000,1.000000,2,1.000000,0.000000,0.000000,0.281404,0.002264,0.000000,0.001407,1000000.000000,1.000000
NVIDIA A100-SXM4-40GB,1,0, cupy-rect_by_cell_stripe_sorted_idx,200,1000000,100.000000,1.000000,5,1.000000,0.000000,0.000000,0.283425,0.001550,0.000000,0.001417,1000000.000000,1.000000
NVIDIA A100-SXM4-40GB,1,0, cupy-rect_by_cell_stripe_sorted_idx,200,1000000,100.000000,1.000000,10,1.000000,0.000000,0.000000,0.287270,0.001841,0.000000,0.001436,1000000.000000,1.000000
NVIDIA A100-SXM4-40GB,1,0, cupy-rect_by_cell_stripe_sorted_idx,200,1000000,100.000000,1.000000,20,1.000000,0.000000,0.000000,0.299047,0.002282,0.000000,0.001495,1000000.000000,1.000000
NVIDIA A100-SXM4-40GB,1,0, cupy-rect_by_cell_stripe_sorted_idx,200,1000000,100.000000,1.000000,50,1.000000,0.000000,0.000000,0.300637,0.001599,0.000000,0.001503,1000000.000000,1.000000
NVIDIA A100-SXM4-40GB,1,0, cupy-rect_by_cell_stripe_sorted_idx,200,1000000,100.000000,1.000000,100,1.000000,0.000000,0.000000,0.302639,0.001626,0.000000,0.001513,1000000.000000,1.000000
NVIDIA A100-SXM4-40GB,1,0, cupy-rect_by_cell_stripe_sorted_idx,200,1000000,100.000000,1.000000,200,1.000000,0.000000,0.000000,0.326317,0.002244,0.000000,0.001632,1000000.000000,1.000000
NVIDIA A100-SXM4-40GB,1,0, cupy-rect_by_cell_stripe_sorted_idx,200,1000000,100.000000,2.000000,0,1.000000,0.000000,0.000000,1.813047,0.001431,0.000000,0.009065,1000000.000000,2.000000
NVIDIA A100-SXM4-40GB,1,0, cupy-rect_by_cell_stripe_sorted_idx,200,1000000,100.000000,2.000000,1,1.000000,0.000000,0.000000,0.597421,0.001579,0.000000,0.002987,1000000.000000,2.000000
NVIDIA A100-SXM4-40GB,1,0, cupy-rect_by_cell_stripe_sorted_idx,200,1000000,100.000000,2.000000,2,1.000000,0.000000,0.000000,0.606379,0.001625,0.000000,0.003032,1000000.000000,2.000000
NVIDIA A100-SXM4-40GB,1,0, cupy-rect_by_cell_stripe_sorted_idx,200,1000000,100.000000,2.000000,5,1.000000,0.000000,0.000000,0.617211,0.001687,0.000000,0.003086,1000000.000000,2.000000
NVIDIA A100-SXM4-40GB,1,0, cupy-rect_by_cell_stripe_sorted_idx,200,1000000,100.000000,2.000000,10,1.000000,0.000000,0.000000,0.624018,0.001634,0.000000,0.003120,1000000.000000,2.000000
NVIDIA A100-SXM4-40GB,1,0, cupy-rect_by_cell_stripe_sorted_idx,200,1000000,100.000000,2.000000,20,1.000000,0.000000,0.000000,0.631805,0.001588,0.000000,0.003159,1000000.000000,2.000000
NVIDIA A100-SXM4-40GB,1,0, cupy-rect_by_cell_stripe_sorted_idx,200,1000000,100.000000,2.000000,50,1.000000,0.000000,0.000000,0.677942,0.001720,0.000000,0.003390,1000000.000000,2.000000
NVIDIA A100-SXM4-40GB,1,0, cupy-rect_by_cell_stripe_sorted_idx,200,1000000,100.000000,2.000000,100,1.000000,0.000000,0.000000,0.699798,0.001689,0.000000,0.003499,1000000.000000,2.000000
NVIDIA A100-SXM4-40GB,1,0, cupy-rect_by_cell_stripe_sorted_idx,200,1000000,100.000000,2.000000,200,1.000000,0.000000,0.000000,0.734016,0.001505,0.000000,0.003670,1000000.000000,2.000000
NVIDIA A100-SXM4-40GB,1,0, cupy-rect_by_cell_stripe_sorted_idx,200,1000000,100.000000,4.000000,0,1.000000,0.000000,0.000000,12.621672,0.001900,0.000000,0.063108,1000000.000000,4.000000
NVIDIA A100-SXM4-40GB,1,0, cupy-rect_by_cell_stripe_sorted_idx,200,1000000,100.000000,4.000000,1,1.000000,0.000000,0.000000,2.403371,0.001474,0.000000,0.012017,1000000.000000,4.000000
NVIDIA A100-SXM4-40GB,1,0, cupy-rect_by_cell_stripe_sorted_idx,200,1000000,100.000000,4.000000,2,1.000000,0.000000,0.000000,2.396870,0.001443,0.000000,0.011984,1000000.000000,4.000000
NVIDIA A100-SXM4-40GB,1,0, cupy-rect_by_cell_stripe_sorted_idx,200,1000000,100.000000,4.000000,5,1.000000,0.000000,0.000000,2.428554,0.001561,0.000000,0.012143,1000000.000000,4.000000
NVIDIA A100-SXM4-40GB,1,0, cupy-rect_by_cell_stripe_sorted_idx,200,1000000,100.000000,4.000000,10,1.000000,0.000000,0.000000,2.446945,0.001639,0.000000,0.012235,1000000.000000,4.000000
NVIDIA A100-SXM4-40GB,1,0, cupy-rect_by_cell_stripe_sorted_idx,200,1000000,100.000000,4.000000,20,1.000000,0.000000,0.000000,2.464728,0.001658,0.000000,0.012324,1000000.000000,4.000000
NVIDIA A100-SXM4-40GB,1,0, cupy-rect_by_cell_stripe_sorted_idx,200,1000000,100.000000,4.000000,50,1.000000,0.000000,0.000000,2.543339,0.001613,0.000000,0.012717,1000000.000000,4.000000
NVIDIA A100-SXM4-40GB,1,0, cupy-rect_by_cell_stripe_sorted_idx,200,1000000,100.000000,4.000000,100,1.000000,0.000000,0.000000,2.598414,0.001616,0.000000,0.012992,1000000.000000,4.000000
NVIDIA A100-SXM4-40GB,1,0, cupy-rect_by_cell_stripe_sorted_idx,200,1000000,100.000000,4.000000,200,1.000000,0.000000,0.000000,2.675095,0.001581,0.000000,0.013375,1000000.000000,4.000000
