GPU,release_mode,seatbelts_on,model,steps,agent_count,env_width,comm_radius,sort_period,block_size,max_threads,mean_agent_density,mean_mean_message_count,mean_s_rtc,mean_s_simulation,mean_s_init,mean_s_exit,mean_s_step_mean,env_volume,comm_radius_as_percentage_env_width
NVIDIA A100-SXM4-40GB,1,0, cupy-grid-grid_stride,200,1000000,50.000000,1,1,416,50000,8.000000,0.000000,0.000000,2.192045,0.416121,0.000000,0.010960,125000.000000,2.000000
NVIDIA A100-SXM4-40GB,1,0, cupy-grid-grid_stride,200,1000000,50.000000,1,1,416,100000,8.000000,0.000000,0.000000,1.441135,0.005374,0.000000,0.007206,125000.000000,2.000000
NVIDIA A100-SXM4-40GB,1,0, cupy-grid-grid_stride,200,1000000,50.000000,1,1,416,250000,8.000000,0.000000,0.000000,1.238540,0.004115,0.000000,0.006193,125000.000000,2.000000
NVIDIA A100-SXM4-40GB,1,0, cupy-grid-grid_stride,200,1000000,50.000000,1,1,416,500000,8.000000,0.000000,0.000000,1.186594,0.003661,0.000000,0.005933,125000.000000,2.000000
NVIDIA A100-SXM4-40GB,1,0, cupy-grid-grid_stride,200,1000000,50.000000,1,1,416,1000000,8.000000,0.000000,0.000000,1.169740,0.003516,0.000000,0.005849,125000.000000,2.000000
NVIDIA A100-SXM4-40GB,1,0, cupy-grid-grid_stride,200,1000000,50.000000,1,1,512,50000,8.000000,0.000000,0.000000,1.566787,0.004663,0.000000,0.007834,125000.000000,2.000000
NVIDIA A100-SXM4-40GB,1,0, cupy-grid-grid_stride,200,1000000,50.000000,1,1,512,100000,8.000000,0.000000,0.000000,1.298069,0.004320,0.000000,0.006490,125000.000000,2.000000
NVIDIA A100-SXM4-40GB,1,0, cupy-grid-grid_stride,200,1000000,50.000000,1,1,512,250000,8.000000,0.000000,0.000000,1.271492,0.003825,0.000000,0.006357,125000.000000,2.000000
NVIDIA A100-SXM4-40GB,1,0, cupy-grid-grid_stride,200,1000000,50.000000,1,1,512,500000,8.000000,0.000000,0.000000,1.224323,0.003879,0.000000,0.006122,125000.000000,2.000000
NVIDIA A100-SXM4-40GB,1,0, cupy-grid-grid_stride,200,1000000,50.000000,1,1,512,1000000,8.000000,0.000000,0.000000,1.207295,0.003730,0.000000,0.006036,125000.000000,2.000000
NVIDIA A100-SXM4-40GB,1,0, cupy-grid-grid_stride,200,1000000,50.000000,1,1,576,50000,8.000000,0.000000,0.000000,1.630407,0.005106,0.000000,0.008152,125000.000000,2.000000
NVIDIA A100-SXM4-40GB,1,0, cupy-grid-grid_stride,200,1000000,50.000000,1,1,576,100000,8.000000,0.000000,0.000000,1.369747,0.004937,0.000000,0.006849,125000.000000,2.000000
NVIDIA A100-SXM4-40GB,1,0, cupy-grid-grid_stride,200,1000000,50.000000,1,1,576,250000,8.000000,0.000000,0.000000,1.273659,0.004181,0.000000,0.006368,125000.000000,2.000000
NVIDIA A100-SXM4-40GB,1,0, cupy-grid-grid_stride,200,1000000,50.000000,1,1,576,500000,8.000000,0.000000,0.000000,1.210055,0.003819,0.000000,0.006050,125000.000000,2.000000
NVIDIA A100-SXM4-40GB,1,0, cupy-grid-grid_stride,200,1000000,50.000000,1,1,576,1000000,8.000000,0.000000,0.000000,1.198214,0.003649,0.000000,0.005991,125000.000000,2.000000
NVIDIA A100-SXM4-40GB,1,0, cupy-grid-grid_stride,200,1000000,50.000000,1,1,672,50000,8.000000,0.000000,0.000000,1.694576,0.005273,0.000000,0.008473,125000.000000,2.000000
NVIDIA A100-SXM4-40GB,1,0, cupy-grid-grid_stride,200,1000000,50.000000,1,1,672,100000,8.000000,0.000000,0.000000,1.630577,0.005834,0.000000,0.008153,125000.000000,2.000000
NVIDIA A100-SXM4-40GB,1,0, cupy-grid-grid_stride,200,1000000,50.000000,1,1,672,250000,8.000000,0.000000,0.000000,1.434987,0.005135,0.000000,0.007175,125000.000000,2.000000
NVIDIA A100-SXM4-40GB,1,0, cupy-grid-grid_stride,200,1000000,50.000000,1,1,672,500000,8.000000,0.000000,0.000000,1.378863,0.004743,0.000000,0.006894,125000.000000,2.000000
NVIDIA A100-SXM4-40GB,1,0, cupy-grid-grid_stride,200,1000000,50.000000,1,1,672,1000000,8.000000,0.000000,0.000000,1.383992,0.004608,0.000000,0.006920,125000.000000,2.000000
NVIDIA A100-SXM4-40GB,1,0, cupy-grid-grid_stride,200,1000000,50.000000,1,1,768,50000,8.000000,0.000000,0.000000,1.696126,0.005557,0.000000,0.008481,125000.000000,2.000000
NVIDIA A100-SXM4-40GB,1,0, cupy-grid-grid_stride,200,1000000,50.000000,1,1,768,100000,8.000000,0.000000,0.000000,1.649089,0.005969,0.000000,0.008245,125000.000000,2.000000
NVIDIA A100-SXM4-40GB,1,0, cupy-grid-grid_stride,200,1000000,50.000000,1,1,768,250000,8.000000,0.000000,0.000000,1.404125,0.005093,0.000000,0.007021,125000.000000,2.000000
NVIDIA A100-SXM4-40GB,1,0, cupy-grid-grid_stride,200,1000000,50.000000,1,1,768,500000,8.000000,0.000000,0.000000,1.347457,0.004549,0.000000,0.006737,125000.000000,2.000000
NVIDIA A100-SXM4-40GB,1,0, cupy-grid-grid_stride,200,1000000,50.000000,1,1,768,1000000,8.000000,0.000000,0.000000,1.359110,0.004617,0.000000,0.006796,125000.000000,2.000000
NVIDIA A100-SXM4-40GB,1,0, cupy-grid-grid_stride,200,1000000,50.000000,1,1,864,50000,8.000000,0.000000,0.000000,1.806517,0.006026,0.000000,0.009033,125000.000000,2.000000
NVIDIA A100-SXM4-40GB,1,0, cupy-grid-grid_stride,200,1000000,50.000000,1,1,864,100000,8.000000,0.000000,0.000000,1.699669,0.006265,0.000000,0.008498,125000.000000,2.000000
NVIDIA A100-SXM4-40GB,1,0, cupy-grid-grid_stride,200,1000000,50.000000,1,1,864,250000,8.000000,0.000000,0.000000,1.312916,0.004809,0.000000,0.006565,125000.000000,2.000000
NVIDIA A100-SXM4-40GB,1,0, cupy-grid-grid_stride,200,1000000,50.000000,1,1,864,500000,8.000000,0.000000,0.000000,1.320863,0.004221,0.000000,0.006604,125000.000000,2.000000
NVIDIA A100-SXM4-40GB,1,0, cupy-grid-grid_stride,200,1000000,50.000000,1,1,864,1000000,8.000000,0.000000,0.000000,1.327033,0.004439,0.000000,0.006635,125000.000000,2.000000
NVIDIA A100-SXM4-40GB,1,0, cupy-grid-grid_stride,200,1000000,50.000000,1,1,928,50000,8.000000,0.000000,0.000000,1.902301,0.006226,0.000000,0.009512,125000.000000,2.000000
NVIDIA A100-SXM4-40GB,1,0, cupy-grid-grid_stride,200,1000000,50.000000,1,1,928,100000,8.000000,0.000000,0.000000,1.254218,0.005130,0.000000,0.006271,125000.000000,2.000000
NVIDIA A100-SXM4-40GB,1,0, cupy-grid-grid_stride,200,1000000,50.000000,1,1,928,250000,8.000000,0.000000,0.000000,1.344733,0.004358,0.000000,0.006724,125000.000000,2.000000
NVIDIA A100-SXM4-40GB,1,0, cupy-grid-grid_stride,200,1000000,50.000000,1,1,928,500000,8.000000,0.000000,0.000000,1.263145,0.004214,0.000000,0.006316,125000.000000,2.000000
NVIDIA A100-SXM4-40GB,1,0, cupy-grid-grid_stride,200,1000000,50.000000,1,1,928,1000000,8.000000,0.000000,0.000000,1.299419,0.004274,0.000000,0.006497,125000.000000,2.000000
NVIDIA A100-SXM4-40GB,1,0, cupy-grid-grid_stride,200,1000000,50.000000,1,1,1024,50000,8.000000,0.000000,0.000000,1.914015,0.006335,0.000000,0.009570,125000.000000,2.000000
NVIDIA A100-SXM4-40GB,1,0, cupy-grid-grid_stride,200,1000000,50.000000,1,1,1024,100000,8.000000,0.000000,0.000000,1.270918,0.005100,0.000000,0.006355,125000.000000,2.000000
NVIDIA A100-SXM4-40GB,1,0, cupy-grid-grid_stride,200,1000000,50.000000,1,1,1024,250000,8.000000,0.000000,0.000000,1.361678,0.004261,0.000000,0.006808,125000.000000,2.000000
NVIDIA A100-SXM4-40GB,1,0, cupy-grid-grid_stride,200,1000000,50.000000,1,1,1024,500000,8.000000,0.000000,0.000000,1.269352,0.004246,0.000000,0.006347,125000.000000,2.000000
NVIDIA A100-SXM4-40GB,1,0, cupy-grid-grid_stride,200,1000000,50.000000,1,1,1024,1000000,8.000000,0.000000,0.000000,1.273000,0.004218,0.000000,0.006365,125000.000000,2.000000
