GPU,release_mode,seatbelts_on,model,steps,agent_count,env_width,comm_radius,sort_period,repeat,agent_density,mean_message_count,s_rtc,s_simulation,s_init,s_exit,s_step_mean
NVIDIA A100-SXM4-40GB,1,0,circles_spatial3D,200,64000,40.000000,2.000000,0,0,1.000000,194.318481,0.000000,0.185465,0.000000,0.000000,0.000900
NVIDIA A100-SXM4-40GB,1,0,circles_spatial3D,200,64000,40.000000,2.000000,0,1,1.000000,194.070251,0.000000,0.148898,0.000000,0.000000,0.000722
NVIDIA A100-SXM4-40GB,1,0,circles_spatial3D,200,64000,40.000000,2.000000,0,2,1.000000,192.824356,0.000000,0.151310,0.000000,0.000000,0.000734
NVIDIA A100-SXM4-40GB,1,0,circles_spatial3D_rtc,200,64000,40.000000,2.000000,0,0,1.000000,194.318512,3.389000,0.147287,0.000000,0.000000,0.000702
NVIDIA A100-SXM4-40GB,1,0,circles_spatial3D_rtc,200,64000,40.000000,2.000000,0,1,1.000000,194.070236,0.009000,0.132390,0.000000,0.000000,0.000630
NVIDIA A100-SXM4-40GB,1,0,circles_spatial3D_rtc,200,64000,40.000000,2.000000,0,2,1.000000,192.824356,0.009000,0.119133,0.000000,0.000000,0.000573
NVIDIA A100-SXM4-40GB,1,0,circles_spatial3D,200,64000,40.000000,4.000000,0,0,1.000000,1395.799316,0.000000,0.725402,0.000000,0.000000,0.003604
NVIDIA A100-SXM4-40GB,1,0,circles_spatial3D,200,64000,40.000000,4.000000,0,1,1.000000,1399.385010,0.000000,0.712004,0.000000,0.000000,0.003537
NVIDIA A100-SXM4-40GB,1,0,circles_spatial3D,200,64000,40.000000,4.000000,0,2,1.000000,1395.177368,0.000000,0.729626,0.000000,0.000000,0.003614
NVIDIA A100-SXM4-40GB,1,0,circles_spatial3D_rtc,200,64000,40.000000,4.000000,0,0,1.000000,1395.799316,0.014000,0.446947,0.000000,0.000000,0.002201
NVIDIA A100-SXM4-40GB,1,0,circles_spatial3D_rtc,200,64000,40.000000,4.000000,0,1,1.000000,1399.385010,0.009000,0.450255,0.000000,0.000000,0.002216
NVIDIA A100-SXM4-40GB,1,0,circles_spatial3D_rtc,200,64000,40.000000,4.000000,0,2,1.000000,1395.177368,0.009000,0.447207,0.000000,0.000000,0.002213
NVIDIA A100-SXM4-40GB,1,0,circles_spatial3D,200,64000,40.000000,6.000000,0,0,1.000000,3728.162109,0.000000,1.641417,0.000000,0.000000,0.008184
NVIDIA A100-SXM4-40GB,1,0,circles_spatial3D,200,64000,40.000000,6.000000,0,1,1.000000,3721.640625,0.000000,1.626500,0.000000,0.000000,0.008109
NVIDIA A100-SXM4-40GB,1,0,circles_spatial3D,200,64000,40.000000,6.000000,0,2,1.000000,3716.738525,0.000000,1.639628,0.000000,0.000000,0.008174
NVIDIA A100-SXM4-40GB,1,0,circles_spatial3D_rtc,200,64000,40.000000,6.000000,0,0,1.000000,3728.161865,0.012000,0.873816,0.000000,0.000000,0.004346
NVIDIA A100-SXM4-40GB,1,0,circles_spatial3D_rtc,200,64000,40.000000,6.000000,0,1,1.000000,3721.640625,0.008000,0.870943,0.000000,0.000000,0.004332
NVIDIA A100-SXM4-40GB,1,0,circles_spatial3D_rtc,200,64000,40.000000,6.000000,0,2,1.000000,3716.738525,0.008000,0.867535,0.000000,0.000000,0.004303
NVIDIA A100-SXM4-40GB,1,0,circles_spatial3D,200,64000,40.000000,8.000000,0,0,1.000000,8993.427734,0.000000,3.744130,0.000000,0.000000,0.018697
NVIDIA A100-SXM4-40GB,1,0,circles_spatial3D,200,64000,40.000000,8.000000,0,1,1.000000,8935.469727,0.000000,3.795508,0.000000,0.000000,0.018954
NVIDIA A100-SXM4-40GB,1,0,circles_spatial3D,200,64000,40.000000,8.000000,0,2,1.000000,8951.185547,0.000000,3.720959,0.000000,0.000000,0.018580
NVIDIA A100-SXM4-40GB,1,0,circles_spatial3D_rtc,200,64000,40.000000,8.000000,0,0,1.000000,8993.427734,0.025000,2.009050,0.000000,0.000000,0.010003
NVIDIA A100-SXM4-40GB,1,0,circles_spatial3D_rtc,200,64000,40.000000,8.000000,0,1,1.000000,8935.468750,0.008000,2.006081,0.000000,0.000000,0.010007
NVIDIA A100-SXM4-40GB,1,0,circles_spatial3D_rtc,200,64000,40.000000,8.000000,0,2,1.000000,8951.184570,0.009000,2.008466,0.000000,0.000000,0.010019
NVIDIA A100-SXM4-40GB,1,0,circles_spatial3D,200,64000,40.000000,2.000000,1,0,1.000000,194.318512,0.000000,0.104938,0.000000,0.000000,0.000501
NVIDIA A100-SXM4-40GB,1,0,circles_spatial3D,200,64000,40.000000,2.000000,1,1,1.000000,194.070236,0.000000,0.102250,0.000000,0.000000,0.000488
NVIDIA A100-SXM4-40GB,1,0,circles_spatial3D,200,64000,40.000000,2.000000,1,2,1.000000,192.824356,0.000000,0.104434,0.000000,0.000000,0.000499
NVIDIA A100-SXM4-40GB,1,0,circles_spatial3D_rtc,200,64000,40.000000,2.000000,1,0,1.000000,194.318497,0.008000,0.082918,0.000000,0.000000,0.000392
NVIDIA A100-SXM4-40GB,1,0,circles_spatial3D_rtc,200,64000,40.000000,2.000000,1,1,1.000000,194.070236,0.008000,0.083801,0.000000,0.000000,0.000396
NVIDIA A100-SXM4-40GB,1,0,circles_spatial3D_rtc,200,64000,40.000000,2.000000,1,2,1.000000,192.824341,0.008000,0.086353,0.000000,0.000000,0.000398
NVIDIA A100-SXM4-40GB,1,0,circles_spatial3D,200,64000,40.000000,4.000000,1,0,1.000000,1395.799316,0.000000,0.373032,0.000000,0.000000,0.001842
NVIDIA A100-SXM4-40GB,1,0,circles_spatial3D,200,64000,40.000000,4.000000,1,1,1.000000,1399.385010,0.000000,0.371832,0.000000,0.000000,0.001836
NVIDIA A100-SXM4-40GB,1,0,circles_spatial3D,200,64000,40.000000,4.000000,1,2,1.000000,1395.177368,0.000000,0.377330,0.000000,0.000000,0.001864
NVIDIA A100-SXM4-40GB,1,0,circles_spatial3D_rtc,200,64000,40.000000,4.000000,1,0,1.000000,1395.799316,0.008000,0.268940,0.000000,0.000000,0.001304
NVIDIA A100-SXM4-40GB,1,0,circles_spatial3D_rtc,200,64000,40.000000,4.000000,1,1,1.000000,1399.385010,0.008000,0.267133,0.000000,0.000000,0.001302
NVIDIA A100-SXM4-40GB,1,0,circles_spatial3D_rtc,200,64000,40.000000,4.000000,1,2,1.000000,1395.177368,0.009000,0.272077,0.000000,0.000000,0.001337
NVIDIA A100-SXM4-40GB,1,0,circles_spatial3D,200,64000,40.000000,6.000000,1,0,1.000000,3728.162109,0.000000,0.967206,0.000000,0.000000,0.004813
NVIDIA A100-SXM4-40GB,1,0,circles_spatial3D,200,64000,40.000000,6.000000,1,1,1.000000,3721.640381,0.000000,0.974908,0.000000,0.000000,0.004851
NVIDIA A100-SXM4-40GB,1,0,circles_spatial3D,200,64000,40.000000,6.000000,1,2,1.000000,3716.738525,0.000000,0.978270,0.000000,0.000000,0.004868
NVIDIA A100-SXM4-40GB,1,0,circles_spatial3D_rtc,200,64000,40.000000,6.000000,1,0,1.000000,3728.162109,0.008000,0.679718,0.000000,0.000000,0.003368
NVIDIA A100-SXM4-40GB,1,0,circles_spatial3D_rtc,200,64000,40.000000,6.000000,1,1,1.000000,3721.640381,0.008000,0.692841,0.000000,0.000000,0.003440
NVIDIA A100-SXM4-40GB,1,0,circles_spatial3D_rtc,200,64000,40.000000,6.000000,1,2,1.000000,3716.738037,0.008000,0.687485,0.000000,0.000000,0.003414
NVIDIA A100-SXM4-40GB,1,0,circles_spatial3D,200,64000,40.000000,8.000000,1,0,1.000000,8993.427734,0.000000,2.444589,0.000000,0.000000,0.012199
NVIDIA A100-SXM4-40GB,1,0,circles_spatial3D,200,64000,40.000000,8.000000,1,1,1.000000,8935.468750,0.000000,2.506678,0.000000,0.000000,0.012510
NVIDIA A100-SXM4-40GB,1,0,circles_spatial3D,200,64000,40.000000,8.000000,1,2,1.000000,8951.185547,0.000000,2.466133,0.000000,0.000000,0.012307
NVIDIA A100-SXM4-40GB,1,0,circles_spatial3D_rtc,200,64000,40.000000,8.000000,1,0,1.000000,8993.427734,0.010000,1.662838,0.000000,0.000000,0.008291
NVIDIA A100-SXM4-40GB,1,0,circles_spatial3D_rtc,200,64000,40.000000,8.000000,1,1,1.000000,8935.468750,0.008000,1.692630,0.000000,0.000000,0.008440
NVIDIA A100-SXM4-40GB,1,0,circles_spatial3D_rtc,200,64000,40.000000,8.000000,1,2,1.000000,8951.185547,0.008000,1.706386,0.000000,0.000000,0.008508
NVIDIA A100-SXM4-40GB,1,0,circles_spatial3D,200,64000,40.000000,2.000000,2,0,1.000000,194.318436,0.000000,0.096314,0.000000,0.000000,0.000458
NVIDIA A100-SXM4-40GB,1,0,circles_spatial3D,200,64000,40.000000,2.000000,2,1,1.000000,194.070251,0.000000,0.093005,0.000000,0.000000,0.000442
NVIDIA A100-SXM4-40GB,1,0,circles_spatial3D,200,64000,40.000000,2.000000,2,2,1.000000,192.824356,0.000000,0.095146,0.000000,0.000000,0.000453
NVIDIA A100-SXM4-40GB,1,0,circles_spatial3D_rtc,200,64000,40.000000,2.000000,2,0,1.000000,194.318497,0.008000,0.079522,0.000000,0.000000,0.000362
NVIDIA A100-SXM4-40GB,1,0,circles_spatial3D_rtc,200,64000,40.000000,2.000000,2,1,1.000000,194.070236,0.010000,0.074802,0.000000,0.000000,0.000351
NVIDIA A100-SXM4-40GB,1,0,circles_spatial3D_rtc,200,64000,40.000000,2.000000,2,2,1.000000,192.824310,0.012000,0.078509,0.000000,0.000000,0.000358
NVIDIA A100-SXM4-40GB,1,0,circles_spatial3D,200,64000,40.000000,4.000000,2,0,1.000000,1395.799316,0.000000,0.367393,0.000000,0.000000,0.001813
NVIDIA A100-SXM4-40GB,1,0,circles_spatial3D,200,64000,40.000000,4.000000,2,1,1.000000,1399.385010,0.000000,0.368118,0.000000,0.000000,0.001817
NVIDIA A100-SXM4-40GB,1,0,circles_spatial3D,200,64000,40.000000,4.000000,2,2,1.000000,1395.177368,0.000000,0.371239,0.000000,0.000000,0.001833
NVIDIA A100-SXM4-40GB,1,0,circles_spatial3D_rtc,200,64000,40.000000,4.000000,2,0,1.000000,1395.799316,0.008000,0.258886,0.000000,0.000000,0.001271
NVIDIA A100-SXM4-40GB,1,0,circles_spatial3D_rtc,200,64000,40.000000,4.000000,2,1,1.000000,1399.385010,0.013000,0.258191,0.000000,0.000000,0.001268
NVIDIA A100-SXM4-40GB,1,0,circles_spatial3D_rtc,200,64000,40.000000,4.000000,2,2,1.000000,1395.177368,0.009000,0.270580,0.000000,0.000000,0.001319
NVIDIA A100-SXM4-40GB,1,0,circles_spatial3D,200,64000,40.000000,6.000000,2,0,1.000000,3728.161865,0.000000,0.960755,0.000000,0.000000,0.004781
NVIDIA A100-SXM4-40GB,1,0,circles_spatial3D,200,64000,40.000000,6.000000,2,1,1.000000,3721.640625,0.000000,0.966956,0.000000,0.000000,0.004812
NVIDIA A100-SXM4-40GB,1,0,circles_spatial3D,200,64000,40.000000,6.000000,2,2,1.000000,3716.738525,0.000000,0.971735,0.000000,0.000000,0.004835
NVIDIA A100-SXM4-40GB,1,0,circles_spatial3D_rtc,200,64000,40.000000,6.000000,2,0,1.000000,3728.162109,0.011000,0.670253,0.000000,0.000000,0.003328
NVIDIA A100-SXM4-40GB,1,0,circles_spatial3D_rtc,200,64000,40.000000,6.000000,2,1,1.000000,3721.640625,0.009000,0.685136,0.000000,0.000000,0.003402
NVIDIA A100-SXM4-40GB,1,0,circles_spatial3D_rtc,200,64000,40.000000,6.000000,2,2,1.000000,3716.738525,0.008000,0.680669,0.000000,0.000000,0.003380
NVIDIA A100-SXM4-40GB,1,0,circles_spatial3D,200,64000,40.000000,8.000000,2,0,1.000000,8993.427734,0.000000,2.436139,0.000000,0.000000,0.012157
NVIDIA A100-SXM4-40GB,1,0,circles_spatial3D,200,64000,40.000000,8.000000,2,1,1.000000,8935.468750,0.000000,2.501037,0.000000,0.000000,0.012475
NVIDIA A100-SXM4-40GB,1,0,circles_spatial3D,200,64000,40.000000,8.000000,2,2,1.000000,8951.184570,0.000000,2.458879,0.000000,0.000000,0.012270
NVIDIA A100-SXM4-40GB,1,0,circles_spatial3D_rtc,200,64000,40.000000,8.000000,2,0,1.000000,8993.427734,0.013000,1.658111,0.000000,0.000000,0.008250
NVIDIA A100-SXM4-40GB,1,0,circles_spatial3D_rtc,200,64000,40.000000,8.000000,2,1,1.000000,8935.468750,0.008000,1.685306,0.000000,0.000000,0.008402
NVIDIA A100-SXM4-40GB,1,0,circles_spatial3D_rtc,200,64000,40.000000,8.000000,2,2,1.000000,8951.185547,0.011000,1.697121,0.000000,0.000000,0.008462
NVIDIA A100-SXM4-40GB,1,0,circles_spatial3D,200,64000,40.000000,2.000000,5,0,1.000000,194.318512,0.000000,0.087334,0.000000,0.000000,0.000414
NVIDIA A100-SXM4-40GB,1,0,circles_spatial3D,200,64000,40.000000,2.000000,5,1,1.000000,194.070236,0.000000,0.087804,0.000000,0.000000,0.000415
NVIDIA A100-SXM4-40GB,1,0,circles_spatial3D,200,64000,40.000000,2.000000,5,2,1.000000,192.824310,0.000000,0.089444,0.000000,0.000000,0.000424
NVIDIA A100-SXM4-40GB,1,0,circles_spatial3D_rtc,200,64000,40.000000,2.000000,5,0,1.000000,194.318512,0.010000,0.067829,0.000000,0.000000,0.000315
NVIDIA A100-SXM4-40GB,1,0,circles_spatial3D_rtc,200,64000,40.000000,2.000000,5,1,1.000000,194.070190,0.008000,0.069464,0.000000,0.000000,0.000324
NVIDIA A100-SXM4-40GB,1,0,circles_spatial3D_rtc,200,64000,40.000000,2.000000,5,2,1.000000,192.824310,0.009000,0.072706,0.000000,0.000000,0.000340
NVIDIA A100-SXM4-40GB,1,0,circles_spatial3D,200,64000,40.000000,4.000000,5,0,1.000000,1395.799316,0.000000,0.366115,0.000000,0.000000,0.001808
NVIDIA A100-SXM4-40GB,1,0,circles_spatial3D,200,64000,40.000000,4.000000,5,1,1.000000,1399.384888,0.000000,0.364936,0.000000,0.000000,0.001802
NVIDIA A100-SXM4-40GB,1,0,circles_spatial3D,200,64000,40.000000,4.000000,5,2,1.000000,1395.177368,0.000000,0.367111,0.000000,0.000000,0.001813
NVIDIA A100-SXM4-40GB,1,0,circles_spatial3D_rtc,200,64000,40.000000,4.000000,5,0,1.000000,1395.799316,0.009000,0.255005,0.000000,0.000000,0.001252
NVIDIA A100-SXM4-40GB,1,0,circles_spatial3D_rtc,200,64000,40.000000,4.000000,5,1,1.000000,1399.384888,0.009000,0.253655,0.000000,0.000000,0.001245
NVIDIA A100-SXM4-40GB,1,0,circles_spatial3D_rtc,200,64000,40.000000,4.000000,5,2,1.000000,1395.177368,0.009000,0.260897,0.000000,0.000000,0.001281
NVIDIA A100-SXM4-40GB,1,0,circles_spatial3D,200,64000,40.000000,6.000000,5,0,1.000000,3728.162109,0.000000,0.955606,0.000000,0.000000,0.004755
NVIDIA A100-SXM4-40GB,1,0,circles_spatial3D,200,64000,40.000000,6.000000,5,1,1.000000,3721.640381,0.000000,0.962833,0.000000,0.000000,0.004791
NVIDIA A100-SXM4-40GB,1,0,circles_spatial3D,200,64000,40.000000,6.000000,5,2,1.000000,3716.738037,0.000000,0.969461,0.000000,0.000000,0.004817
NVIDIA A100-SXM4-40GB,1,0,circles_spatial3D_rtc,200,64000,40.000000,6.000000,5,0,1.000000,3728.162598,0.013000,0.665495,0.000000,0.000000,0.003304
NVIDIA A100-SXM4-40GB,1,0,circles_spatial3D_rtc,200,64000,40.000000,6.000000,5,1,1.000000,3721.640381,0.008000,0.680232,0.000000,0.000000,0.003378
NVIDIA A100-SXM4-40GB,1,0,circles_spatial3D_rtc,200,64000,40.000000,6.000000,5,2,1.000000,3716.738037,0.009000,0.675958,0.000000,0.000000,0.003350
NVIDIA A100-SXM4-40GB,1,0,circles_spatial3D,200,64000,40.000000,8.000000,5,0,1.000000,8993.427734,0.000000,2.427787,0.000000,0.000000,0.012116
NVIDIA A100-SXM4-40GB,1,0,circles_spatial3D,200,64000,40.000000,8.000000,5,1,1.000000,8935.468750,0.000000,2.496717,0.000000,0.000000,0.012460
NVIDIA A100-SXM4-40GB,1,0,circles_spatial3D,200,64000,40.000000,8.000000,5,2,1.000000,8951.184570,0.000000,2.459765,0.000000,0.000000,0.012263
NVIDIA A100-SXM4-40GB,1,0,circles_spatial3D_rtc,200,64000,40.000000,8.000000,5,0,1.000000,8993.427734,0.010000,1.653697,0.000000,0.000000,0.008235
NVIDIA A100-SXM4-40GB,1,0,circles_spatial3D_rtc,200,64000,40.000000,8.000000,5,1,1.000000,8935.469727,0.013000,1.682558,0.000000,0.000000,0.008377
NVIDIA A100-SXM4-40GB,1,0,circles_spatial3D_rtc,200,64000,40.000000,8.000000,5,2,1.000000,8951.184570,0.010000,1.694994,0.000000,0.000000,0.008451
NVIDIA A100-SXM4-40GB,1,0,circles_spatial3D,200,64000,40.000000,2.000000,10,0,1.000000,194.318497,0.000000,0.085490,0.000000,0.000000,0.000405
NVIDIA A100-SXM4-40GB,1,0,circles_spatial3D,200,64000,40.000000,2.000000,10,1,1.000000,194.070221,0.000000,0.086404,0.000000,0.000000,0.000409
NVIDIA A100-SXM4-40GB,1,0,circles_spatial3D,200,64000,40.000000,2.000000,10,2,1.000000,192.824341,0.000000,0.090413,0.000000,0.000000,0.000417
NVIDIA A100-SXM4-40GB,1,0,circles_spatial3D_rtc,200,64000,40.000000,2.000000,10,0,1.000000,194.318481,0.008000,0.065871,0.000000,0.000000,0.000306
NVIDIA A100-SXM4-40GB,1,0,circles_spatial3D_rtc,200,64000,40.000000,2.000000,10,1,1.000000,194.070236,0.009000,0.071858,0.000000,0.000000,0.000336
NVIDIA A100-SXM4-40GB,1,0,circles_spatial3D_rtc,200,64000,40.000000,2.000000,10,2,1.000000,192.824310,0.009000,0.068000,0.000000,0.000000,0.000317
NVIDIA A100-SXM4-40GB,1,0,circles_spatial3D,200,64000,40.000000,4.000000,10,0,1.000000,1395.799316,0.000000,0.367098,0.000000,0.000000,0.001812
NVIDIA A100-SXM4-40GB,1,0,circles_spatial3D,200,64000,40.000000,4.000000,10,1,1.000000,1399.385010,0.000000,0.364842,0.000000,0.000000,0.001801
NVIDIA A100-SXM4-40GB,1,0,circles_spatial3D,200,64000,40.000000,4.000000,10,2,1.000000,1395.177368,0.000000,0.365900,0.000000,0.000000,0.001806
NVIDIA A100-SXM4-40GB,1,0,circles_spatial3D_rtc,200,64000,40.000000,4.000000,10,0,1.000000,1395.799316,0.009000,0.254090,0.000000,0.000000,0.001247
NVIDIA A100-SXM4-40GB,1,0,circles_spatial3D_rtc,200,64000,40.000000,4.000000,10,1,1.000000,1399.385010,0.008000,0.252285,0.000000,0.000000,0.001238
NVIDIA A100-SXM4-40GB,1,0,circles_spatial3D_rtc,200,64000,40.000000,4.000000,10,2,1.000000,1395.177368,0.010000,0.259885,0.000000,0.000000,0.001276
NVIDIA A100-SXM4-40GB,1,0,circles_spatial3D,200,64000,40.000000,6.000000,10,0,1.000000,3728.162109,0.000000,0.954039,0.000000,0.000000,0.004747
NVIDIA A100-SXM4-40GB,1,0,circles_spatial3D,200,64000,40.000000,6.000000,10,1,1.000000,3721.640381,0.000000,0.961527,0.000000,0.000000,0.004783
NVIDIA A100-SXM4-40GB,1,0,circles_spatial3D,200,64000,40.000000,6.000000,10,2,1.000000,3716.738525,0.000000,0.970265,0.000000,0.000000,0.004821
NVIDIA A100-SXM4-40GB,1,0,circles_spatial3D_rtc,200,64000,40.000000,6.000000,10,0,1.000000,3728.162109,0.009000,0.670145,0.000000,0.000000,0.003311
NVIDIA A100-SXM4-40GB,1,0,circles_spatial3D_rtc,200,64000,40.000000,6.000000,10,1,1.000000,3721.640625,0.008000,0.680773,0.000000,0.000000,0.003380
NVIDIA A100-SXM4-40GB,1,0,circles_spatial3D_rtc,200,64000,40.000000,6.000000,10,2,1.000000,3716.738037,0.009000,0.676113,0.000000,0.000000,0.003357
NVIDIA A100-SXM4-40GB,1,0,circles_spatial3D,200,64000,40.000000,8.000000,10,0,1.000000,8993.427734,0.000000,2.427449,0.000000,0.000000,0.012113
NVIDIA A100-SXM4-40GB,1,0,circles_spatial3D,200,64000,40.000000,8.000000,10,1,1.000000,8935.468750,0.000000,2.489260,0.000000,0.000000,0.012423
NVIDIA A100-SXM4-40GB,1,0,circles_spatial3D,200,64000,40.000000,8.000000,10,2,1.000000,8951.184570,0.000000,2.456136,0.000000,0.000000,0.012257
NVIDIA A100-SXM4-40GB,1,0,circles_spatial3D_rtc,200,64000,40.000000,8.000000,10,0,1.000000,8993.427734,0.009000,1.650415,0.000000,0.000000,0.008229
NVIDIA A100-SXM4-40GB,1,0,circles_spatial3D_rtc,200,64000,40.000000,8.000000,10,1,1.000000,8935.468750,0.008000,1.683876,0.000000,0.000000,0.008382
NVIDIA A100-SXM4-40GB,1,0,circles_spatial3D_rtc,200,64000,40.000000,8.000000,10,2,1.000000,8951.185547,0.009000,1.692059,0.000000,0.000000,0.008437
NVIDIA A100-SXM4-40GB,1,0,circles_spatial3D,200,64000,40.000000,2.000000,20,0,1.000000,194.318512,0.000000,0.085319,0.000000,0.000000,0.000403
NVIDIA A100-SXM4-40GB,1,0,circles_spatial3D,200,64000,40.000000,2.000000,20,1,1.000000,194.070251,0.000000,0.086308,0.000000,0.000000,0.000409
NVIDIA A100-SXM4-40GB,1,0,circles_spatial3D,200,64000,40.000000,2.000000,20,2,1.000000,192.824310,0.000000,0.089169,0.000000,0.000000,0.000423
NVIDIA A100-SXM4-40GB,1,0,circles_spatial3D_rtc,200,64000,40.000000,2.000000,20,0,1.000000,194.318512,0.009000,0.068580,0.000000,0.000000,0.000303
NVIDIA A100-SXM4-40GB,1,0,circles_spatial3D_rtc,200,64000,40.000000,2.000000,20,1,1.000000,194.070236,0.008000,0.066501,0.000000,0.000000,0.000310
NVIDIA A100-SXM4-40GB,1,0,circles_spatial3D_rtc,200,64000,40.000000,2.000000,20,2,1.000000,192.824310,0.008000,0.069541,0.000000,0.000000,0.000319
NVIDIA A100-SXM4-40GB,1,0,circles_spatial3D,200,64000,40.000000,4.000000,20,0,1.000000,1395.799316,0.000000,0.369958,0.000000,0.000000,0.001827
NVIDIA A100-SXM4-40GB,1,0,circles_spatial3D,200,64000,40.000000,4.000000,20,1,1.000000,1399.384888,0.000000,0.369002,0.000000,0.000000,0.001822
NVIDIA A100-SXM4-40GB,1,0,circles_spatial3D,200,64000,40.000000,4.000000,20,2,1.000000,1395.177368,0.000000,0.366360,0.000000,0.000000,0.001809
NVIDIA A100-SXM4-40GB,1,0,circles_spatial3D_rtc,200,64000,40.000000,4.000000,20,0,1.000000,1395.799316,0.008000,0.253313,0.000000,0.000000,0.001244
NVIDIA A100-SXM4-40GB,1,0,circles_spatial3D_rtc,200,64000,40.000000,4.000000,20,1,1.000000,1399.384888,0.011000,0.251841,0.000000,0.000000,0.001236
NVIDIA A100-SXM4-40GB,1,0,circles_spatial3D_rtc,200,64000,40.000000,4.000000,20,2,1.000000,1395.177368,0.008000,0.258430,0.000000,0.000000,0.001269
NVIDIA A100-SXM4-40GB,1,0,circles_spatial3D,200,64000,40.000000,6.000000,20,0,1.000000,3728.162109,0.000000,0.954288,0.000000,0.000000,0.004748
NVIDIA A100-SXM4-40GB,1,0,circles_spatial3D,200,64000,40.000000,6.000000,20,1,1.000000,3721.640381,0.000000,0.962854,0.000000,0.000000,0.004784
NVIDIA A100-SXM4-40GB,1,0,circles_spatial3D,200,64000,40.000000,6.000000,20,2,1.000000,3716.738037,0.000000,0.963988,0.000000,0.000000,0.004797
NVIDIA A100-SXM4-40GB,1,0,circles_spatial3D_rtc,200,64000,40.000000,6.000000,20,0,1.000000,3728.162109,0.013000,0.664537,0.000000,0.000000,0.003300
NVIDIA A100-SXM4-40GB,1,0,circles_spatial3D_rtc,200,64000,40.000000,6.000000,20,1,1.000000,3721.640381,0.008000,0.682009,0.000000,0.000000,0.003381
NVIDIA A100-SXM4-40GB,1,0,circles_spatial3D_rtc,200,64000,40.000000,6.000000,20,2,1.000000,3716.738037,0.008000,0.673990,0.000000,0.000000,0.003347
NVIDIA A100-SXM4-40GB,1,0,circles_spatial3D,200,64000,40.000000,8.000000,20,0,1.000000,8993.427734,0.000000,2.433342,0.000000,0.000000,0.012143
NVIDIA A100-SXM4-40GB,1,0,circles_spatial3D,200,64000,40.000000,8.000000,20,1,1.000000,8935.468750,0.000000,2.491779,0.000000,0.000000,0.012436
NVIDIA A100-SXM4-40GB,1,0,circles_spatial3D,200,64000,40.000000,8.000000,20,2,1.000000,8951.185547,0.000000,2.456650,0.000000,0.000000,0.012260
NVIDIA A100-SXM4-40GB,1,0,circles_spatial3D_rtc,200,64000,40.000000,8.000000,20,0,1.000000,8993.427734,0.009000,1.649921,0.000000,0.000000,0.008226
NVIDIA A100-SXM4-40GB,1,0,circles_spatial3D_rtc,200,64000,40.000000,8.000000,20,1,1.000000,8935.468750,0.009000,1.677848,0.000000,0.000000,0.008366
NVIDIA A100-SXM4-40GB,1,0,circles_spatial3D_rtc,200,64000,40.000000,8.000000,20,2,1.000000,8951.185547,0.010000,1.703820,0.000000,0.000000,0.008494
NVIDIA A100-SXM4-40GB,1,0,circles_spatial3D,200,64000,40.000000,2.000000,50,0,1.000000,194.318481,0.000000,0.088565,0.000000,0.000000,0.000409
NVIDIA A100-SXM4-40GB,1,0,circles_spatial3D,200,64000,40.000000,2.000000,50,1,1.000000,194.070236,0.000000,0.087453,0.000000,0.000000,0.000414
NVIDIA A100-SXM4-40GB,1,0,circles_spatial3D,200,64000,40.000000,2.000000,50,2,1.000000,192.824310,0.000000,0.087974,0.000000,0.000000,0.000417
NVIDIA A100-SXM4-40GB,1,0,circles_spatial3D_rtc,200,64000,40.000000,2.000000,50,0,1.000000,194.318497,0.010000,0.067141,0.000000,0.000000,0.000309
NVIDIA A100-SXM4-40GB,1,0,circles_spatial3D_rtc,200,64000,40.000000,2.000000,50,1,1.000000,194.070236,0.009000,0.066463,0.000000,0.000000,0.000309
NVIDIA A100-SXM4-40GB,1,0,circles_spatial3D_rtc,200,64000,40.000000,2.000000,50,2,1.000000,192.824356,0.008000,0.067018,0.000000,0.000000,0.000312
NVIDIA A100-SXM4-40GB,1,0,circles_spatial3D,200,64000,40.000000,4.000000,50,0,1.000000,1395.799316,0.000000,0.373862,0.000000,0.000000,0.001846
NVIDIA A100-SXM4-40GB,1,0,circles_spatial3D,200,64000,40.000000,4.000000,50,1,1.000000,1399.385010,0.000000,0.377854,0.000000,0.000000,0.001860
NVIDIA A100-SXM4-40GB,1,0,circles_spatial3D,200,64000,40.000000,4.000000,50,2,1.000000,1395.177368,0.000000,0.369208,0.000000,0.000000,0.001823
NVIDIA A100-SXM4-40GB,1,0,circles_spatial3D_rtc,200,64000,40.000000,4.000000,50,0,1.000000,1395.799316,0.009000,0.262791,0.000000,0.000000,0.001285
NVIDIA A100-SXM4-40GB,1,0,circles_spatial3D_rtc,200,64000,40.000000,4.000000,50,1,1.000000,1399.385010,0.009000,0.252526,0.000000,0.000000,0.001240
NVIDIA A100-SXM4-40GB,1,0,circles_spatial3D_rtc,200,64000,40.000000,4.000000,50,2,1.000000,1395.177368,0.009000,0.258671,0.000000,0.000000,0.001260
NVIDIA A100-SXM4-40GB,1,0,circles_spatial3D,200,64000,40.000000,6.000000,50,0,1.000000,3728.161865,0.000000,0.968904,0.000000,0.000000,0.004821
NVIDIA A100-SXM4-40GB,1,0,circles_spatial3D,200,64000,40.000000,6.000000,50,1,1.000000,3721.640381,0.000000,0.966242,0.000000,0.000000,0.004808
NVIDIA A100-SXM4-40GB,1,0,circles_spatial3D,200,64000,40.000000,6.000000,50,2,1.000000,3716.738037,0.000000,0.964400,0.000000,0.000000,0.004799
NVIDIA A100-SXM4-40GB,1,0,circles_spatial3D_rtc,200,64000,40.000000,6.000000,50,0,1.000000,3728.161865,0.019000,0.674879,0.000000,0.000000,0.003337
NVIDIA A100-SXM4-40GB,1,0,circles_spatial3D_rtc,200,64000,40.000000,6.000000,50,1,1.000000,3721.640381,0.008000,0.689851,0.000000,0.000000,0.003425
NVIDIA A100-SXM4-40GB,1,0,circles_spatial3D_rtc,200,64000,40.000000,6.000000,50,2,1.000000,3716.738525,0.008000,0.676856,0.000000,0.000000,0.003361
NVIDIA A100-SXM4-40GB,1,0,circles_spatial3D,200,64000,40.000000,8.000000,50,0,1.000000,8993.427734,0.000000,2.437645,0.000000,0.000000,0.012165
NVIDIA A100-SXM4-40GB,1,0,circles_spatial3D,200,64000,40.000000,8.000000,50,1,1.000000,8935.468750,0.000000,2.494410,0.000000,0.000000,0.012449
NVIDIA A100-SXM4-40GB,1,0,circles_spatial3D,200,64000,40.000000,8.000000,50,2,1.000000,8951.184570,0.000000,2.473359,0.000000,0.000000,0.012336
NVIDIA A100-SXM4-40GB,1,0,circles_spatial3D_rtc,200,64000,40.000000,8.000000,50,0,1.000000,8993.427734,0.010000,1.650900,0.000000,0.000000,0.008231
NVIDIA A100-SXM4-40GB,1,0,circles_spatial3D_rtc,200,64000,40.000000,8.000000,50,1,1.000000,8935.469727,0.008000,1.675812,0.000000,0.000000,0.008355
NVIDIA A100-SXM4-40GB,1,0,circles_spatial3D_rtc,200,64000,40.000000,8.000000,50,2,1.000000,8951.184570,0.008000,1.709293,0.000000,0.000000,0.008523
NVIDIA A100-SXM4-40GB,1,0,circles_spatial3D,200,64000,40.000000,2.000000,100,0,1.000000,194.318481,0.000000,0.087603,0.000000,0.000000,0.000415
NVIDIA A100-SXM4-40GB,1,0,circles_spatial3D,200,64000,40.000000,2.000000,100,1,1.000000,194.070236,0.000000,0.089142,0.000000,0.000000,0.000423
NVIDIA A100-SXM4-40GB,1,0,circles_spatial3D,200,64000,40.000000,2.000000,100,2,1.000000,192.824356,0.000000,0.089296,0.000000,0.000000,0.000424
NVIDIA A100-SXM4-40GB,1,0,circles_spatial3D_rtc,200,64000,40.000000,2.000000,100,0,1.000000,194.318512,0.008000,0.066171,0.000000,0.000000,0.000308
NVIDIA A100-SXM4-40GB,1,0,circles_spatial3D_rtc,200,64000,40.000000,2.000000,100,1,1.000000,194.070236,0.008000,0.067436,0.000000,0.000000,0.000314
NVIDIA A100-SXM4-40GB,1,0,circles_spatial3D_rtc,200,64000,40.000000,2.000000,100,2,1.000000,192.824356,0.008000,0.092934,0.000000,0.000000,0.000426
NVIDIA A100-SXM4-40GB,1,0,circles_spatial3D,200,64000,40.000000,4.000000,100,0,1.000000,1395.799316,0.000000,0.382190,0.000000,0.000000,0.001873
NVIDIA A100-SXM4-40GB,1,0,circles_spatial3D,200,64000,40.000000,4.000000,100,1,1.000000,1399.385010,0.000000,0.379403,0.000000,0.000000,0.001874
NVIDIA A100-SXM4-40GB,1,0,circles_spatial3D,200,64000,40.000000,4.000000,100,2,1.000000,1395.177368,0.000000,0.373841,0.000000,0.000000,0.001841
NVIDIA A100-SXM4-40GB,1,0,circles_spatial3D_rtc,200,64000,40.000000,4.000000,100,0,1.000000,1395.799316,0.008000,0.256353,0.000000,0.000000,0.001259
NVIDIA A100-SXM4-40GB,1,0,circles_spatial3D_rtc,200,64000,40.000000,4.000000,100,1,1.000000,1399.385010,0.009000,0.254983,0.000000,0.000000,0.001251
NVIDIA A100-SXM4-40GB,1,0,circles_spatial3D_rtc,200,64000,40.000000,4.000000,100,2,1.000000,1395.177368,0.008000,0.256999,0.000000,0.000000,0.001262
NVIDIA A100-SXM4-40GB,1,0,circles_spatial3D,200,64000,40.000000,6.000000,100,0,1.000000,3728.162109,0.000000,0.990218,0.000000,0.000000,0.004928
NVIDIA A100-SXM4-40GB,1,0,circles_spatial3D,200,64000,40.000000,6.000000,100,1,1.000000,3721.640625,0.000000,0.962117,0.000000,0.000000,0.004788
NVIDIA A100-SXM4-40GB,1,0,circles_spatial3D,200,64000,40.000000,6.000000,100,2,1.000000,3716.737793,0.000000,0.962270,0.000000,0.000000,0.004788
NVIDIA A100-SXM4-40GB,1,0,circles_spatial3D_rtc,200,64000,40.000000,6.000000,100,0,1.000000,3728.161865,0.008000,0.664780,0.000000,0.000000,0.003301
NVIDIA A100-SXM4-40GB,1,0,circles_spatial3D_rtc,200,64000,40.000000,6.000000,100,1,1.000000,3721.640625,0.008000,0.705959,0.000000,0.000000,0.003507
NVIDIA A100-SXM4-40GB,1,0,circles_spatial3D_rtc,200,64000,40.000000,6.000000,100,2,1.000000,3716.737793,0.008000,0.677287,0.000000,0.000000,0.003363
NVIDIA A100-SXM4-40GB,1,0,circles_spatial3D,200,64000,40.000000,8.000000,100,0,1.000000,8993.427734,0.000000,2.455825,0.000000,0.000000,0.012256
NVIDIA A100-SXM4-40GB,1,0,circles_spatial3D,200,64000,40.000000,8.000000,100,1,1.000000,8935.468750,0.000000,2.484497,0.000000,0.000000,0.012399
NVIDIA A100-SXM4-40GB,1,0,circles_spatial3D,200,64000,40.000000,8.000000,100,2,1.000000,8951.184570,0.000000,2.475721,0.000000,0.000000,0.012355
NVIDIA A100-SXM4-40GB,1,0,circles_spatial3D_rtc,200,64000,40.000000,8.000000,100,0,1.000000,8993.427734,0.010000,1.651070,0.000000,0.000000,0.008232
NVIDIA A100-SXM4-40GB,1,0,circles_spatial3D_rtc,200,64000,40.000000,8.000000,100,1,1.000000,8935.468750,0.010000,1.680181,0.000000,0.000000,0.008377
NVIDIA A100-SXM4-40GB,1,0,circles_spatial3D_rtc,200,64000,40.000000,8.000000,100,2,1.000000,8951.184570,0.009000,1.706160,0.000000,0.000000,0.008507
NVIDIA A100-SXM4-40GB,1,0,circles_spatial3D,200,64000,40.000000,2.000000,200,0,1.000000,194.318497,0.000000,0.089259,0.000000,0.000000,0.000423
NVIDIA A100-SXM4-40GB,1,0,circles_spatial3D,200,64000,40.000000,2.000000,200,1,1.000000,194.070251,0.000000,0.089781,0.000000,0.000000,0.000426
NVIDIA A100-SXM4-40GB,1,0,circles_spatial3D,200,64000,40.000000,2.000000,200,2,1.000000,192.824341,0.000000,0.092536,0.000000,0.000000,0.000440
NVIDIA A100-SXM4-40GB,1,0,circles_spatial3D_rtc,200,64000,40.000000,2.000000,200,0,1.000000,194.318497,0.008000,0.067914,0.000000,0.000000,0.000316
NVIDIA A100-SXM4-40GB,1,0,circles_spatial3D_rtc,200,64000,40.000000,2.000000,200,1,1.000000,194.070267,0.009000,0.068434,0.000000,0.000000,0.000319
NVIDIA A100-SXM4-40GB,1,0,circles_spatial3D_rtc,200,64000,40.000000,2.000000,200,2,1.000000,192.824310,0.008000,0.069428,0.000000,0.000000,0.000324
NVIDIA A100-SXM4-40GB,1,0,circles_spatial3D,200,64000,40.000000,4.000000,200,0,1.000000,1395.799316,0.000000,0.385796,0.000000,0.000000,0.001906
NVIDIA A100-SXM4-40GB,1,0,circles_spatial3D,200,64000,40.000000,4.000000,200,1,1.000000,1399.385010,0.000000,0.378578,0.000000,0.000000,0.001867
NVIDIA A100-SXM4-40GB,1,0,circles_spatial3D,200,64000,40.000000,4.000000,200,2,1.000000,1395.177368,0.000000,0.377055,0.000000,0.000000,0.001863
NVIDIA A100-SXM4-40GB,1,0,circles_spatial3D_rtc,200,64000,40.000000,4.000000,200,0,1.000000,1395.799316,0.008000,0.254479,0.000000,0.000000,0.001249
NVIDIA A100-SXM4-40GB,1,0,circles_spatial3D_rtc,200,64000,40.000000,4.000000,200,1,1.000000,1399.385010,0.008000,0.254657,0.000000,0.000000,0.001250
NVIDIA A100-SXM4-40GB,1,0,circles_spatial3D_rtc,200,64000,40.000000,4.000000,200,2,1.000000,1395.177368,0.008000,0.257786,0.000000,0.000000,0.001266
NVIDIA A100-SXM4-40GB,1,0,circles_spatial3D,200,64000,40.000000,6.000000,200,0,1.000000,3728.162109,0.000000,0.988792,0.000000,0.000000,0.004921
NVIDIA A100-SXM4-40GB,1,0,circles_spatial3D,200,64000,40.000000,6.000000,200,1,1.000000,3721.640381,0.000000,0.962721,0.000000,0.000000,0.004779
NVIDIA A100-SXM4-40GB,1,0,circles_spatial3D,200,64000,40.000000,6.000000,200,2,1.000000,3716.738525,0.000000,0.965581,0.000000,0.000000,0.004802
NVIDIA A100-SXM4-40GB,1,0,circles_spatial3D_rtc,200,64000,40.000000,6.000000,200,0,1.000000,3728.162109,0.008000,0.668062,0.000000,0.000000,0.003317
NVIDIA A100-SXM4-40GB,1,0,circles_spatial3D_rtc,200,64000,40.000000,6.000000,200,1,1.000000,3721.640381,0.008000,0.680095,0.000000,0.000000,0.003377
NVIDIA A100-SXM4-40GB,1,0,circles_spatial3D_rtc,200,64000,40.000000,6.000000,200,2,1.000000,3716.738525,0.009000,0.677593,0.000000,0.000000,0.003365
NVIDIA A100-SXM4-40GB,1,0,circles_spatial3D,200,64000,40.000000,8.000000,200,0,1.000000,8993.425781,0.000000,2.470509,0.000000,0.000000,0.012329
NVIDIA A100-SXM4-40GB,1,0,circles_spatial3D,200,64000,40.000000,8.000000,200,1,1.000000,8935.468750,0.000000,2.476448,0.000000,0.000000,0.012359
NVIDIA A100-SXM4-40GB,1,0,circles_spatial3D,200,64000,40.000000,8.000000,200,2,1.000000,8951.184570,0.000000,2.518575,0.000000,0.000000,0.012569
NVIDIA A100-SXM4-40GB,1,0,circles_spatial3D_rtc,200,64000,40.000000,8.000000,200,0,1.000000,8993.427734,0.029000,1.656712,0.000000,0.000000,0.008260
NVIDIA A100-SXM4-40GB,1,0,circles_spatial3D_rtc,200,64000,40.000000,8.000000,200,1,1.000000,8935.468750,0.034000,1.710834,0.000000,0.000000,0.008527
NVIDIA A100-SXM4-40GB,1,0,circles_spatial3D_rtc,200,64000,40.000000,8.000000,200,2,1.000000,8951.184570,0.008000,1.725911,0.000000,0.000000,0.008600
